{
  "best_model": "LightGBM",
  "metrics": {
    "model": "LightGBM",
    "normalized_rmse": 0.009193480110678588,
    "rmse": 227.483471858631,
    "mae": 71.27689192496516,
    "mape": 128.07625684704678,
    "r2": 0.9707142644574362,
    "training_time": 53.19422435760498
  },
  "all_models": [
    {
      "model": "LightGBM",
      "normalized_rmse": 0.009193480110678588,
      "rmse": 227.483471858631,
      "mae": 71.27689192496516,
      "mape": 128.07625684704678,
      "r2": 0.9707142644574362,
      "training_time": 53.19422435760498
    },
    {
      "model": "XGBoost",
      "normalized_rmse": 0.009380394215649915,
      "rmse": 232.10847447204148,
      "mae": 73.59773780794909,
      "mape": 124.87064860078425,
      "r2": 0.9695113331366648,
      "training_time": 6.399956464767456
    },
    {
      "model": "RandomForest",
      "normalized_rmse": 0.010037277749782043,
      "rmse": 248.36240064060686,
      "mae": 71.08406891122024,
      "mape": 82.62266496062658,
      "r2": 0.9650917450901748,
      "training_time": 227.9365520477295
    },
    {
      "model": "ElasticNet",
      "normalized_rmse": 0.04230912418666985,
      "rmse": 1046.8969688749587,
      "mae": 476.6157211451944,
      "mape": 2705.1828014772495,
      "r2": 0.37975349561545835,
      "training_time": 45.35822939872742
    }
  ],
  "training_device": "GPU",
  "dataset_rows": 3000888
}